model,zone,origin,target_time,current,actual,prediction,absolute_error
Linear,zone_1,2017-09-12 19:10:00,2017-09-12 19:40:00,47322.47788,47679.29204,47304.42197561359,374.87006438640674
Linear,zone_2,2017-09-12 19:10:00,2017-09-12 19:40:00,28466.94387,28444.49064,28391.774525755645,52.716114244354685
Linear,zone_3,2017-09-12 19:10:00,2017-09-12 19:40:00,21869.17263,21763.26864,21833.313248175557,70.0446081755581
Linear,zone_1,2017-09-12 19:20:00,2017-09-12 19:50:00,47736.63717,47475.39823,47566.08301598107,90.68478598107322
Linear,zone_2,2017-09-12 19:20:00,2017-09-12 19:50:00,28740.12474,28553.01455,28557.91599427311,4.901444273109519
Linear,zone_3,2017-09-12 19:20:00,2017-09-12 19:50:00,21875.05618,21669.13177,21724.52552153968,55.393751539679215
Ridge initial,zone_1,2017-09-12 19:10:00,2017-09-12 19:40:00,47322.47788,47679.29204,47148.78652885125,530.5055111487527
Ridge initial,zone_2,2017-09-12 19:10:00,2017-09-12 19:40:00,28466.94387,28444.49064,28428.961528192347,15.529111807652953
Ridge initial,zone_3,2017-09-12 19:10:00,2017-09-12 19:40:00,21869.17263,21763.26864,22021.72873143362,258.46009143362244
Ridge initial,zone_1,2017-09-12 19:20:00,2017-09-12 19:50:00,47736.63717,47475.39823,47296.42278727454,178.9754427254593
Ridge initial,zone_2,2017-09-12 19:20:00,2017-09-12 19:50:00,28740.12474,28553.01455,28445.55817008849,107.45637991150943
Ridge initial,zone_3,2017-09-12 19:20:00,2017-09-12 19:50:00,21875.05618,21669.13177,21916.815565859917,247.68379585991715
Ridge tuned,zone_1,2017-09-12 19:10:00,2017-09-12 19:40:00,47322.47788,47679.29204,47304.42165530565,374.87038469435356
Ridge tuned,zone_2,2017-09-12 19:10:00,2017-09-12 19:40:00,28466.94387,28444.49064,28391.774634929698,52.716005070302344
Ridge tuned,zone_3,2017-09-12 19:10:00,2017-09-12 19:40:00,21869.17263,21763.26864,21833.31328327906,70.04464327906317
Ridge tuned,zone_1,2017-09-12 19:20:00,2017-09-12 19:50:00,47736.63717,47475.39823,47566.082347221105,90.68411722110613
Ridge tuned,zone_2,2017-09-12 19:20:00,2017-09-12 19:50:00,28740.12474,28553.01455,28557.915647778624,4.901097778623807
Ridge tuned,zone_3,2017-09-12 19:20:00,2017-09-12 19:50:00,21875.05618,21669.13177,21724.526299883124,55.39452988312405
Lasso initial,zone_1,2017-09-12 19:10:00,2017-09-12 19:40:00,47322.47788,47679.29204,47384.55390739385,294.73813260615134
Lasso initial,zone_2,2017-09-12 19:10:00,2017-09-12 19:40:00,28466.94387,28444.49064,28408.953403216237,35.53723678376264
Lasso initial,zone_3,2017-09-12 19:10:00,2017-09-12 19:40:00,21869.17263,21763.26864,21966.10093102925,202.8322910292518
Lasso initial,zone_1,2017-09-12 19:20:00,2017-09-12 19:50:00,47736.63717,47475.39823,47497.260140859304,21.86191085930477
Lasso initial,zone_2,2017-09-12 19:20:00,2017-09-12 19:50:00,28740.12474,28553.01455,28521.532980367054,31.481569632946048
Lasso initial,zone_3,2017-09-12 19:20:00,2017-09-12 19:50:00,21875.05618,21669.13177,21907.491814750534,238.36004475053414
Lasso tuned,zone_1,2017-09-12 19:10:00,2017-09-12 19:40:00,47322.47788,47679.29204,47283.86321405636,395.42882594364346
Lasso tuned,zone_2,2017-09-12 19:10:00,2017-09-12 19:40:00,28466.94387,28444.49064,28385.158966090377,59.33167390962262
Lasso tuned,zone_3,2017-09-12 19:10:00,2017-09-12 19:40:00,21869.17263,21763.26864,21786.1149917727,22.8463517727032
Lasso tuned,zone_1,2017-09-12 19:20:00,2017-09-12 19:50:00,47736.63717,47475.39823,47513.80110103743,38.402871037433215
Lasso tuned,zone_2,2017-09-12 19:20:00,2017-09-12 19:50:00,28740.12474,28553.01455,28500.351583430223,52.66296656977647
Lasso tuned,zone_3,2017-09-12 19:20:00,2017-09-12 19:50:00,21875.05618,21669.13177,21739.09905289071,69.96728289070961
