model,phase,alpha,cv_mae,cv_std_mae,cv_train_mae,mean_fit_seconds,fold_1_mae,fold_2_mae,fold_3_mae
Ridge,expand_lower,0.0001,370.11188276516583,17.04814032632085,315.99435126012867,0.03692277272542318,358.88562585218364,394.20302517531763,357.24699726799616
Ridge,expand_lower,0.001,370.11241042369414,17.048024951720382,315.99431311189556,0.040903329849243164,358.8866673423341,394.20337037565724,357.2471935530911
Ridge,coarse,0.01,370.1177248800821,17.046862572176547,315.9939444057232,0.03755633036295573,358.8971685073439,394.2068455991064,357.2491605337962
Ridge,coarse,0.1,370.17331414335143,17.035072351103224,315.99212919583056,0.03318556149800619,359.006771547568,394.24365605433377,357.2695148281526
Ridge,coarse,1.0,370.84673163975214,16.937324482378223,316.06576230317,0.03297837575276693,360.2686458446135,394.74726337123985,357.52428570340317
Ridge,coarse,10.0,378.9447073408792,17.16589947008923,318.76201448951343,0.03275791803995768,373.1939069362713,402.24554212743584,361.39467295893047
Ridge,coarse,100.0,440.33302714270513,27.247916245099812,354.0272038007087,0.03245989481608073,441.97130276409035,472.8554617198176,406.1723169442075
Ridge,coarse,1000.0,709.5712947698303,49.53955297865854,521.9204293348934,0.04158322016398112,680.3328120310886,779.327495697561,669.0535765808414
Lasso,coarse,0.001,370.0819132464742,17.058925885210808,315.9921982402315,0.36006633440653485,358.82747408929276,394.1892201619432,357.2290454881866
Lasso,coarse,0.01,369.8540066216098,17.162033174112544,315.9885906900352,0.20612025260925293,358.35254581563373,394.11393402231914,357.09554002687645
Lasso,coarse,0.1,368.5875259703567,18.20091118057056,316.21962804757806,0.0749657154083252,354.1983840211317,394.26517561650866,357.2990182734297
Lasso,refine,0.31622776601683794,367.09833287164366,20.797079148826516,316.8218305447405,0.05388792355855306,347.42102888655035,395.867926008056,358.0060437203247
Lasso,coarse,1.0,368.1651824467778,24.037030400408554,318.5327914959093,0.05140233039855957,342.3907130685261,400.24683798956374,361.8579962822435
Lasso,refine,3.1622776601683795,373.15467525443336,30.415179137643765,323.5745286933656,0.04264998435974121,338.48220982586633,412.5360840576271,368.4457318798065
Lasso,coarse,10.0,407.04411624914746,37.75088265319051,345.3147130567265,0.05273230870564779,362.67496857216884,454.9430394369065,403.5143407383671
Lasso,coarse,100.0,691.4097036555032,75.23275130543557,569.9147484179449,0.03909730911254883,586.2406861560629,757.9426396330538,730.0457851773932
