,temperature,humidity,wind_speed,general_diffuse,diffuse,zone_1,zone_2,zone_3
count,52416.0,52416.0,52416.0,52416.0,52416.0,52416.0,52416.0,52416.0
mean,18.81,68.26,1.959,182.697,75.028,32344.971,21042.509,17835.406
std,5.815,15.551,2.349,264.401,124.211,7130.563,5201.466,6622.165
min,3.247,11.34,0.05,0.004,0.011,13895.696,8560.081,5935.174
10%,11.43,46.5,0.071,0.044,0.096,22891.195,14261.187,10490.602
50%,18.78,69.86,0.086,5.036,4.456,32265.92,20823.168,16415.117
90%,26.38,86.9,4.921,648.5,232.7,42424.123,27940.972,26871.967
95%,28.39,88.9,4.923,782.0,331.85,44712.058,30387.137,29905.709
max,40.01,94.8,6.483,1163.0,936.0,52204.395,37408.861,47598.326
