tree_number,zone_1_prediction,zone_2_prediction,zone_3_prediction,origin,target_time
1,46329.40581428572,27657.02405857143,21673.334307142857,2017-09-12 19:10:00,2017-09-12 19:40:00
2,46262.38938125,27607.17255625,21621.3278875,2017-09-12 19:10:00,2017-09-12 19:40:00
3,46239.292033846155,27721.093876923078,21661.89047076923,2017-09-12 19:10:00,2017-09-12 19:40:00
4,46562.65486875,27852.75467625,23596.731358750003,2017-09-12 19:10:00,2017-09-12 19:40:00
5,46817.840709,28246.902285,23753.086820999997,2017-09-12 19:10:00,2017-09-12 19:40:00
6,46169.20354,27575.176715999998,21606.177732,2017-09-12 19:10:00,2017-09-12 19:40:00
7,46171.858406666666,27474.948025833335,21517.630235833338,2017-09-12 19:10:00,2017-09-12 19:40:00
8,44725.562580000005,28855.063855714285,18235.657374285714,2017-09-12 19:10:00,2017-09-12 19:40:00
9,46223.07320909091,27595.010396363636,21622.59819909091,2017-09-12 19:10:00,2017-09-12 19:40:00
10,44819.82300888889,28832.848233333334,18307.66087666667,2017-09-12 19:10:00,2017-09-12 19:40:00
11,44856.147039999996,28824.180393846156,18381.129879230768,2017-09-12 19:10:00,2017-09-12 19:40:00
12,44484.13887153846,28677.658723846154,18170.679655384614,2017-09-12 19:10:00,2017-09-12 19:40:00
13,46506.90265333334,27916.091475999998,21699.726252666667,2017-09-12 19:10:00,2017-09-12 19:40:00
14,46331.04424733334,27717.754680000002,21695.411645333334,2017-09-12 19:10:00,2017-09-12 19:40:00
15,46416.372648571436,27644.355094285715,21750.69967142857,2017-09-12 19:10:00,2017-09-12 19:40:00
16,46545.132742999995,27874.178794999996,21829.752809999998,2017-09-12 19:10:00,2017-09-12 19:40:00
17,44268.704745454546,25883.80268363636,21670.736373636362,2017-09-12 19:10:00,2017-09-12 19:40:00
18,46365.38959928571,27144.617348571428,22307.318718571427,2017-09-12 19:10:00,2017-09-12 19:40:00
19,46394.123892999996,27690.062371,21664.424924,2017-09-12 19:10:00,2017-09-12 19:40:00
20,44850.72060928571,28844.63914428571,18278.103020714287,2017-09-12 19:10:00,2017-09-12 19:40:00
21,46343.37407923077,28053.734702307695,22681.967561538466,2017-09-12 19:10:00,2017-09-12 19:40:00
22,44959.615374999994,27948.746779999998,19538.68761333333,2017-09-12 19:10:00,2017-09-12 19:40:00
23,44895.537958947374,25627.202103684212,22751.70582105263,2017-09-12 19:10:00,2017-09-12 19:40:00
24,46373.89380500001,27661.902288750003,21846.373852499997,2017-09-12 19:10:00,2017-09-12 19:40:00
25,46280.707966250004,27858.83575875,21705.16854125,2017-09-12 19:10:00,2017-09-12 19:40:00
26,46403.13527142857,27742.025544285712,21738.473662142856,2017-09-12 19:10:00,2017-09-12 19:40:00
27,46080.0,27557.120583750002,21750.766088750002,2017-09-12 19:10:00,2017-09-12 19:40:00
28,46308.318584166664,27617.46361833333,21611.76711,2017-09-12 19:10:00,2017-09-12 19:40:00
29,46005.92920625,27505.66528,23250.33708125,2017-09-12 19:10:00,2017-09-12 19:40:00
30,46213.31518,27513.83336076923,21542.861633846154,2017-09-12 19:10:00,2017-09-12 19:40:00
31,44662.65486888889,28850.31185111111,18122.655771111113,2017-09-12 19:10:00,2017-09-12 19:40:00
32,46744.6460175,28121.725570625,23729.11133875,2017-09-12 19:10:00,2017-09-12 19:40:00
33,46020.507399166665,26783.413865833336,22075.45208,2017-09-12 19:10:00,2017-09-12 19:40:00
34,44615.30973625,28820.58212125,18087.51787625,2017-09-12 19:10:00,2017-09-12 19:40:00
35,46377.193425714286,27718.770420714285,21677.116592142855,2017-09-12 19:10:00,2017-09-12 19:40:00
36,46029.82300875,27457.016633750005,21578.672114999998,2017-09-12 19:10:00,2017-09-12 19:40:00
37,44602.83185944444,28786.27858777778,18221.04187777778,2017-09-12 19:10:00,2017-09-12 19:40:00
38,46518.17562846153,27871.933473846155,21780.466724615384,2017-09-12 19:10:00,2017-09-12 19:40:00
39,46403.06550529413,27074.463321764706,22282.04381352941,2017-09-12 19:10:00,2017-09-12 19:40:00
40,46176.10619583333,27820.16632,21745.61797916667,2017-09-12 19:10:00,2017-09-12 19:40:00
41,46454.191472727274,28255.679455454545,23790.420652727273,2017-09-12 19:10:00,2017-09-12 19:40:00
42,44602.47787444444,28729.31393111111,18140.306434444446,2017-09-12 19:10:00,2017-09-12 19:40:00
43,46484.14563583333,27187.6920675,22047.78697583333,2017-09-12 19:10:00,2017-09-12 19:40:00
44,45549.02654777778,27029.937631111112,21512.890705555557,2017-09-12 19:10:00,2017-09-12 19:40:00
45,45944.283185,27431.476091999997,21430.25945,2017-09-12 19:10:00,2017-09-12 19:40:00
46,46692.21533666667,27698.34316666667,23993.665598333333,2017-09-12 19:10:00,2017-09-12 19:40:00
47,46334.867257142854,27769.290170714285,21722.92426785714,2017-09-12 19:10:00,2017-09-12 19:40:00
48,44611.115044,25857.130975333333,22071.174669333333,2017-09-12 19:10:00,2017-09-12 19:40:00
49,46250.123892999996,27607.733889000003,21603.824311,2017-09-12 19:10:00,2017-09-12 19:40:00
50,46142.508322222224,26776.768744444442,22024.827586666666,2017-09-12 19:10:00,2017-09-12 19:40:00
51,44638.40707833334,28797.193347499997,18259.611848333338,2017-09-12 19:10:00,2017-09-12 19:40:00
52,46767.292035999984,28199.251557333333,23573.834524666665,2017-09-12 19:10:00,2017-09-12 19:40:00
53,44813.09734666667,28888.877338333332,18212.54341,2017-09-12 19:10:00,2017-09-12 19:40:00
54,46206.371680000004,27472.76507333334,21500.469866666666,2017-09-12 19:10:00,2017-09-12 19:40:00
55,46265.036560909095,26997.275880909092,22270.85894727273,2017-09-12 19:10:00,2017-09-12 19:40:00
56,46287.079645000005,27605.114346,21602.059244,2017-09-12 19:10:00,2017-09-12 19:40:00
57,44689.380529999995,28832.432434166665,18168.907046666664,2017-09-12 19:10:00,2017-09-12 19:40:00
58,44787.914033571426,28840.095041428573,18352.487960714283,2017-09-12 19:10:00,2017-09-12 19:40:00
59,46201.858407499996,27498.64864875,21545.577119999998,2017-09-12 19:10:00,2017-09-12 19:40:00
60,43984.99115,28432.141374,18108.404494000002,2017-09-12 19:10:00,2017-09-12 19:40:00
