feature,importance
zone_3_daily_reference,0.5523798697433092
zone_1,0.28634784033214944
zone_1_daily_reference,0.04491949968754431
zone_2,0.026620609486421292
zone_3,0.025695167314661725
zone_2_daily_reference,0.013032509639464696
zone_1_lag_1,0.01263989118531
zone_3_mean_18,0.003463935200972414
year_sin,0.00296099849290911
zone_3_lag_1,0.002884144776789765
zone_3_lag_18,0.002736843487310114
zone_1_lag_144,0.002595353152599742
zone_2_lag_1,0.002541895926418163
general_diffuse,0.0024200989698499433
diffuse,0.0017575957230171481
clock_cos,0.0015687874497142989
zone_3_lag_144,0.0015450384757240837
year_cos,0.0012699899442158934
zone_3_mean_6,0.0011793956018663675
zone_3_lag_6,0.001077353458424372
zone_3_lag_3,0.001051233047524163
zone_2_mean_6,0.0009794501037223764
zone_3_std_6,0.0007674056473958589
clock_sin,0.0007419695844754408
zone_2_lag_18,0.0006050684231634056
zone_1_lag_18,0.0005879559502762255
zone_1_mean_6,0.00043803696021903443
zone_1_mean_18,0.000378641052980378
zone_2_mean_18,0.0003613763609683796
temperature,0.00034457775350819756
zone_2_lag_3,0.0003332567640137975
zone_3_std_18,0.00029126728460499355
zone_2_lag_1008,0.0002805119412367594
zone_2_std_6,0.000280312264323351
zone_3_lag_1008,0.00027221554436652914
zone_2_lag_6,0.0002599756037210895
zone_1_lag_1008,0.0002530482706298084
zone_1_lag_6,0.00025282317955451216
zone_1_lag_3,0.00024191888798093069
zone_2_std_18,0.00024016217061988238
zone_1_std_18,0.00023853187680328525
weekday_sin,0.00023189465125335415
zone_2_lag_144,0.0002313537841623989
zone_1_std_6,0.0002256207577818665
humidity,0.00020868935659128373
wind_speed,0.00010431789867247229
weekday_cos,9.451880896836858e-05
is_weekend,6.70480218097908e-05
