model,max_depth,min_samples_leaf,n_trees,zone,origin,target_time,current,actual,prediction,absolute_error,one_origin_mean_absolute_error
Linear,,,,zone_1,2017-09-12 19:10:00,2017-09-12 19:40:00,47322.47788,47679.29204,47304.42197561359,374.87006438640674,165.87692893543985
Linear,,,,zone_2,2017-09-12 19:10:00,2017-09-12 19:40:00,28466.94387,28444.49064,28391.774525755645,52.716114244354685,165.87692893543985
Linear,,,,zone_3,2017-09-12 19:10:00,2017-09-12 19:40:00,21869.17263,21763.26864,21833.313248175557,70.0446081755581,165.87692893543985
Linear,,,,zone_1,2017-09-12 19:20:00,2017-09-12 19:50:00,47736.63717,47475.39823,47566.08301598107,90.68478598107322,50.32666059795398
Linear,,,,zone_2,2017-09-12 19:20:00,2017-09-12 19:50:00,28740.12474,28553.01455,28557.91599427311,4.901444273109519,50.32666059795398
Linear,,,,zone_3,2017-09-12 19:20:00,2017-09-12 19:50:00,21875.05618,21669.13177,21724.52552153968,55.393751539679215,50.32666059795398
Forest initial,14.0,5.0,60,zone_1,2017-09-12 19:10:00,2017-09-12 19:40:00,47322.47788,47679.29204,45817.67174518255,1861.6202948174468,1041.8575960214512
Forest initial,14.0,5.0,60,zone_2,2017-09-12 19:10:00,2017-09-12 19:40:00,28466.94387,28444.49064,27798.894812385046,645.595827614954,1041.8575960214512
Forest initial,14.0,5.0,60,zone_3,2017-09-12 19:10:00,2017-09-12 19:40:00,21869.17263,21763.26864,21144.911974368046,618.3566656319526,1041.8575960214512
Forest initial,14.0,5.0,60,zone_1,2017-09-12 19:20:00,2017-09-12 19:50:00,47736.63717,47475.39823,45719.38175287356,1756.016477126439,1049.4928823743696
Forest initial,14.0,5.0,60,zone_2,2017-09-12 19:20:00,2017-09-12 19:50:00,28740.12474,28553.01455,27771.752060156276,781.2624898437243,1049.4928823743696
Forest initial,14.0,5.0,60,zone_3,2017-09-12 19:20:00,2017-09-12 19:50:00,21875.05618,21669.13177,21057.932089847054,611.1996801529458,1049.4928823743696
Forest selected,14.0,5.0,60,zone_1,2017-09-12 19:10:00,2017-09-12 19:40:00,47322.47788,47679.29204,45817.67174518255,1861.6202948174468,1041.8575960214512
Forest selected,14.0,5.0,60,zone_2,2017-09-12 19:10:00,2017-09-12 19:40:00,28466.94387,28444.49064,27798.894812385046,645.595827614954,1041.8575960214512
Forest selected,14.0,5.0,60,zone_3,2017-09-12 19:10:00,2017-09-12 19:40:00,21869.17263,21763.26864,21144.911974368046,618.3566656319526,1041.8575960214512
Forest selected,14.0,5.0,60,zone_1,2017-09-12 19:20:00,2017-09-12 19:50:00,47736.63717,47475.39823,45719.38175287356,1756.016477126439,1049.4928823743696
Forest selected,14.0,5.0,60,zone_2,2017-09-12 19:20:00,2017-09-12 19:50:00,28740.12474,28553.01455,27771.752060156276,781.2624898437243,1049.4928823743696
Forest selected,14.0,5.0,60,zone_3,2017-09-12 19:20:00,2017-09-12 19:50:00,21875.05618,21669.13177,21057.932089847054,611.1996801529458,1049.4928823743696
