rank,source_row_number,neighbor_origin,neighbor_target_time,distance_after_scaling,normalized_weight,temperature,humidity,query_origin,query_target_time,zone_1_current,zone_1_answer,zone_1_weighted_contribution,zone_2_current,zone_2_answer,zone_2_weighted_contribution,zone_3_current,zone_3_answer,zone_3_weighted_contribution
1,36549,2017-09-11 19:10:00,2017-09-11 19:40:00,1.994347429039231,0.10339013862102484,25.59,41.91,2017-09-12 19:10:00,2017-09-12 19:40:00,46398.58407,46704.42478,4828.776952219428,27995.4262,27819.54262,2876.2663678553085,21951.54239,21798.56997,2253.757170938409
2,36550,2017-09-11 19:20:00,2017-09-11 19:50:00,2.6068819371199865,0.07909673783487496,25.18,44.28,2017-09-12 19:10:00,2017-09-12 19:40:00,46532.38938,46596.10619,3685.5999954364243,28051.55925,27755.92516,2195.40313574493,21945.65884,21763.26864,1721.4035540480356
3,35974,2017-09-07 19:20:00,2017-09-07 19:50:00,2.8060975543158446,0.07348135734971739,24.94,69.52,2017-09-12 19:10:00,2017-09-12 19:40:00,46780.88496,46946.54867,3449.6961191561695,28062.78586,28313.51351,2080.515404054361,23681.30746,23734.25945,1744.025600076357
4,36548,2017-09-11 19:00:00,2017-09-11 19:30:00,2.818466569654292,0.07315887985577284,25.93,40.18,2017-09-12 19:10:00,2017-09-12 19:40:00,45653.09735,46742.65487,3419.640271774185,27639.91684,27939.29314,2044.0073900844784,21633.83044,21798.56997,1594.7589614628878
5,35830,2017-09-06 19:20:00,2017-09-06 19:50:00,2.8548329574121936,0.07222694295002112,24.04,80.2,2017-09-12 19:10:00,2017-09-12 19:40:00,45570.26549,46500.53097,3358.59119751588,27617.46362,27759.66736,2004.9959107222833,23710.72523,23763.67722,1716.3777588516566
6,35973,2017-09-07 19:10:00,2017-09-07 19:40:00,2.9437001305796713,0.07004648843299356,25.03,68.69,2017-09-12 19:10:00,2017-09-12 19:40:00,46602.47788,46812.74336,3279.0682862829362,27943.03534,27987.94179,1960.457040856532,23598.93769,23710.72523,1660.8530405610836
7,35686,2017-09-05 19:20:00,2017-09-05 19:50:00,2.9885424868543757,0.06899545783733674,23.33,76.7,2017-09-12 19:10:00,2017-09-12 19:40:00,45015.9292,45003.18584,3105.0154111695497,25817.46362,25716.42412,1774.3164560985294,22798.77426,22834.07559,1575.447499624405
8,36118,2017-09-08 19:20:00,2017-09-08 19:50:00,3.434133575047054,0.06004305092996427,24.2,74.0,2017-09-12 19:10:00,2017-09-12 19:40:00,46379.46903,46570.61947,2796.2420766771957,28253.63825,28377.13098,1703.849520678407,23828.39632,23769.56078,1427.1969484964213
9,35972,2017-09-07 19:00:00,2017-09-07 19:30:00,3.4752556417316143,0.05933257245044265,25.13,68.86,2017-09-12 19:10:00,2017-09-12 19:40:00,45455.57522,46812.74336,2777.520487011178,27190.85239,28141.37214,1669.7000013514182,23328.29418,23669.54035,1404.3747176850507
10,35829,2017-09-06 19:10:00,2017-09-06 19:40:00,3.4764850672281162,0.05931159005703868,24.12,80.3,2017-09-12 19:10:00,2017-09-12 19:40:00,45328.14159,46717.16814,2770.869525345428,27284.40748,27748.44075,1645.8041424860269,23646.00613,23734.25945,1407.7166668057964
11,35687,2017-09-05 19:30:00,2017-09-05 20:00:00,3.549582261453986,0.05809017567672548,23.21,77.2,2017-09-12 19:10:00,2017-09-12 19:40:00,45143.36283,44869.38053,2606.470197493546,25697.7131,25574.22037,1485.6109540885914,22739.93871,22787.00715,1323.7012484902998
12,35685,2017-09-05 19:10:00,2017-09-05 19:40:00,3.597098248343031,0.05732283160234301,23.43,76.0,2017-09-12 19:10:00,2017-09-12 19:40:00,44608.14159,45130.61947,2587.0148999882326,25555.50936,25731.39293,1474.9963038201097,22816.42492,22857.60981,1310.2629179706937
13,36547,2017-09-11 18:50:00,2017-09-11 19:20:00,3.6388718049867936,0.05666477639148349,26.3,39.18,2017-09-12 19:10:00,2017-09-12 19:40:00,44569.9115,46532.38938,2636.747439179141,26794.17879,28051.55925,1589.5353323337004,21380.83759,21945.65884,1243.545850932383
14,36117,2017-09-08 19:10:00,2017-09-08 19:40:00,3.754891380607013,0.05491393391878012,24.39,72.7,2017-09-12 19:10:00,2017-09-12 19:40:00,46232.92035,46921.06195,2576.6200953212883,28130.14553,28253.63825,1551.5184238256184,23822.51277,23763.67722,1304.9570005263006
15,35542,2017-09-04 19:20:00,2017-09-04 19:50:00,3.823747880012817,0.05392506609148076,23.57,64.25,2017-09-12 19:10:00,2017-09-12 19:40:00,41231.15044,41396.81416,2232.3259395547466,25229.93763,25327.23493,1365.7728175147101,23198.85598,23322.41062,1257.6625340961527
