model,k,zone,origin,target_time,temperature,humidity,current,actual,prediction,absolute_error,one_origin_mean_absolute_error
Linear,,zone_1,2017-09-12 19:10:00,2017-09-12 19:40:00,23.25,51.38,47322.47788,47679.29204,47304.42197561359,374.87006438640674,165.87692893543985
Linear,,zone_2,2017-09-12 19:10:00,2017-09-12 19:40:00,23.25,51.38,28466.94387,28444.49064,28391.774525755645,52.716114244354685,165.87692893543985
Linear,,zone_3,2017-09-12 19:10:00,2017-09-12 19:40:00,23.25,51.38,21869.17263,21763.26864,21833.313248175557,70.0446081755581,165.87692893543985
Linear,,zone_1,2017-09-12 19:20:00,2017-09-12 19:50:00,22.97,52.65,47736.63717,47475.39823,47566.08301598107,90.68478598107322,50.32666059795398
Linear,,zone_2,2017-09-12 19:20:00,2017-09-12 19:50:00,22.97,52.65,28740.12474,28553.01455,28557.91599427311,4.901444273109519,50.32666059795398
Linear,,zone_3,2017-09-12 19:20:00,2017-09-12 19:50:00,22.97,52.65,21875.05618,21669.13177,21724.52552153968,55.393751539679215,50.32666059795398
KNN initial,15.0,zone_1,2017-09-12 19:10:00,2017-09-12 19:40:00,23.25,51.38,47322.47788,47679.29204,46110.19889412533,1569.0931458746709,1257.869138308534
KNN initial,15.0,zone_2,2017-09-12 19:10:00,2017-09-12 19:40:00,23.25,51.38,28466.94387,28444.49064,27422.749201515006,1021.7414384849944,1257.869138308534
KNN initial,15.0,zone_3,2017-09-12 19:10:00,2017-09-12 19:40:00,23.25,51.38,21869.17263,21763.26864,22946.041470565935,1182.7728305659366,1257.869138308534
KNN initial,15.0,zone_1,2017-09-12 19:20:00,2017-09-12 19:50:00,22.97,52.65,47736.63717,47475.39823,45879.745170559065,1595.6530594409342,1408.5367694346824
KNN initial,15.0,zone_2,2017-09-12 19:20:00,2017-09-12 19:50:00,22.97,52.65,28740.12474,28553.01455,27317.848820614745,1235.165729385255,1408.5367694346824
KNN initial,15.0,zone_3,2017-09-12 19:20:00,2017-09-12 19:50:00,22.97,52.65,21875.05618,21669.13177,23063.923289477858,1394.791519477858,1408.5367694346824
KNN selected,21.0,zone_1,2017-09-12 19:10:00,2017-09-12 19:40:00,23.25,51.38,47322.47788,47679.29204,45852.60021229815,1826.6918277018485,1474.0324038274375
KNN selected,21.0,zone_2,2017-09-12 19:10:00,2017-09-12 19:40:00,23.25,51.38,28466.94387,28444.49064,27315.249223514522,1129.241416485478,1474.0324038274375
KNN selected,21.0,zone_3,2017-09-12 19:10:00,2017-09-12 19:40:00,23.25,51.38,21869.17263,21763.26864,23229.432607294984,1466.163967294986,1474.0324038274375
KNN selected,21.0,zone_1,2017-09-12 19:20:00,2017-09-12 19:50:00,22.97,52.65,47736.63717,47475.39823,45812.472759457174,1662.9254705428248,1580.062053892393
KNN selected,21.0,zone_2,2017-09-12 19:20:00,2017-09-12 19:50:00,22.97,52.65,28740.12474,28553.01455,27203.477134210527,1349.537415789473,1580.062053892393
KNN selected,21.0,zone_3,2017-09-12 19:20:00,2017-09-12 19:50:00,22.97,52.65,21875.05618,21669.13177,23396.85504534488,1727.7232753448807,1580.062053892393
