k,phase,cv_mae,cv_std_mae,mean_fit_seconds,mean_score_seconds,fold_1_mae,fold_2_mae,fold_3_mae
1,coarse,1596.675240438116,277.563046085923,0.045714378356933594,0.6187093257904053,1211.2976940099395,1853.9780745096784,1724.74995279473
2,coarse,1569.0888218379248,279.925311118189,0.0430754025777181,0.7167402903238932,1180.0331174722617,1826.972919824352,1700.2604282171608
3,coarse,1552.0175913151695,280.23122769621267,0.045272509256998696,0.7173895041147867,1163.1229401115686,1812.5332464184191,1680.3965874155208
5,coarse,1529.9354609492668,276.9256879515968,0.04426924387613932,0.7224365870157877,1146.7809533918903,1791.6997681997025,1651.325661256208
7,coarse,1518.4547730859024,275.65637534283326,0.049615701039632164,0.7619351545969645,1137.2866302582422,1779.839911375224,1638.237777624241
11,coarse,1506.2551041297727,274.03010462370827,0.042456626892089844,0.7391067345937093,1126.9053359022712,1764.5525965401075,1627.3073799469396
15,coarse,1500.9009471099835,271.49038487108317,0.04043722152709961,0.7439626852671305,1124.2157357658014,1753.5998444878194,1624.8872610763299
16,refine,1499.9425491453349,270.8264923851468,0.044315497080485024,0.7684975465138754,1123.8503916516706,1750.7301633394582,1625.2470924448753
17,refine,1499.8420835233708,270.44093120295065,0.04394984245300293,0.7607387701670328,1124.161273818564,1749.7742979768343,1625.5906787747135
18,refine,1499.990631836178,269.89567943373544,0.04267207781473795,0.781914472579956,1124.7365905635997,1748.064489006277,1627.1708159386574
19,refine,1499.9965205159206,269.6280896523016,0.04579011599222819,0.8368025620778402,1124.8941256998487,1746.8992566298755,1628.1961792180373
20,refine,1499.8250477832028,269.1968426828446,0.044852097829182945,0.810039758682251,1125.07872781444,1745.286992554499,1629.1094229806697
21,coarse,1499.7889119493786,268.86615570937823,0.04253347714742025,0.8117111523946127,1125.316609710036,1744.1336059552432,1629.916520182857
22,refine,1499.9913942792853,268.9831960845976,0.04290525118509928,0.8579096794128418,1125.1097835069725,1743.3408134239198,1631.5235859069637
23,refine,1500.1361468093958,268.77153578215234,0.041554768880208336,0.8007175127665201,1125.2602199441856,1741.9637899869424,1633.1844304970598
24,refine,1500.3300304346878,268.5130627837977,0.04834191004435221,0.831741730372111,1125.5244145152642,1740.5481774044795,1634.9174993843196
25,refine,1500.7516316411304,267.9206714239369,0.03862682978312174,0.8214431603749593,1126.4890253484118,1739.047917076315,1636.717952498665
26,refine,1500.9799213932918,267.76861361641835,0.040558179219563804,0.8367726802825928,1126.7108690315983,1738.0349142215773,1638.1939809266999
27,refine,1501.1005785414818,267.31998947174304,0.050562540690104164,0.9296855926513672,1127.2855110489816,1736.861839304637,1639.154385270827
28,refine,1501.1556340887519,266.862843517642,0.04871972401936849,0.9379622141520182,1127.7235356499793,1735.1476472559345,1640.595719360342
29,refine,1501.798115314522,266.88911382476834,0.054644266764322914,1.023039182027181,1128.1760412571505,1734.9730170446776,1642.245287641738
30,refine,1501.935913286694,266.69166612371,0.05658658345540365,0.9981233278910319,1128.402681188551,1733.8839476235619,1643.5211110479686
31,coarse,1502.299011261761,266.4200164900836,0.048355817794799805,0.822033166885376,1128.9603723828293,1732.9357427229115,1645.000918679542
51,coarse,1516.0292717749933,262.4772181019654,0.037660678227742515,0.8869312604268392,1146.059923190401,1727.1567436363966,1674.8711484981825
101,coarse,1555.493092031095,259.7776592057873,0.04549185434977213,0.9770103295644125,1188.1682763923784,1733.5869995456626,1744.7240001552436
