zone,origin,feature,input_value,training_mean,training_scale,standardized_input,coefficient,contribution
zone_1,2017-09-12 19:10:00,temperature,23.25,19.46227312219731,6.0938222818558305,0.6215683199492921,0.25251984184795484,0.15695833385129423
zone_1,2017-09-12 19:10:00,humidity,51.38,67.49087163677129,16.200583616836887,-0.9944624229480001,-0.1291332336478596,0.12841814841656068
zone_1,2017-09-12 19:10:00,wind_speed,0.272,2.051150196188341,2.368020377118608,-0.7513238540426749,-0.0018654773982568758,0.0014015776684878577
zone_1,2017-09-12 19:10:00,general_diffuse,26.85,210.4824249159193,287.9167331915622,-0.6377969869286532,-0.9825732461617852,0.6266822558386924
zone_1,2017-09-12 19:10:00,diffuse,28.23,87.98840162556054,137.0986991598995,-0.4358786917143813,0.07178413908584096,-0.03128917663057954
zone_1,2017-09-12 19:10:00,zone_1,47322.47788,33036.49542166872,7244.743427517857,1.9719100615859688,10.327848099596572,20.365587582126008
zone_1,2017-09-12 19:10:00,zone_2,28466.94387,20469.40267514773,5081.688701680835,1.57379596908543,1.9798327699306373,3.1158528327800785
zone_1,2017-09-12 19:10:00,zone_3,21869.17263,20089.097051887642,6501.204907984427,0.2738070255140192,4.932779521437502,1.3506296882812696
zone_1,2017-09-12 19:10:00,zone_1_lag_1,46819.11504,33036.19333915695,7244.670277368029,1.9024912346805039,2.022102606041993,3.8470324836194956
zone_1,2017-09-12 19:10:00,zone_1_lag_3,43308.31858,33035.78405980521,7244.60354782719,1.4179567525507641,1.3490526295033123,1.9128982855505858
zone_1,2017-09-12 19:10:00,zone_1_lag_6,37376.28319,33035.48574854036,7244.540398261188,0.5991818946170144,-0.09492787581422121,-0.05687906448233373
zone_1,2017-09-12 19:10:00,zone_1_lag_18,35802.47788,33036.04164914153,7244.908357512888,0.38184557959103854,0.3003358581911824,0.11468191984298401
zone_1,2017-09-12 19:10:00,zone_1_lag_144,46398.58407,33020.332999861545,7246.391133775139,1.84619499874675,-6.869387792504166,-12.68222938697317
zone_1,2017-09-12 19:10:00,zone_1_lag_1008,44608.14159,32937.26445936463,7276.28525301435,1.603960912032753,0.39569137367504514,0.6346734966033183
zone_1,2017-09-12 19:10:00,zone_1_mean_6,43661.94690166667,33035.93998471898,7180.5137023477155,1.4798393760426152,2.8169910236981917,4.16869423882718
zone_1,2017-09-12 19:10:00,zone_1_std_6,3724.0561962067763,794.075613432863,692.3370593018001,4.232014657324144,0.08713664923184734,0.36876357673929056
zone_1,2017-09-12 19:10:00,zone_1_mean_18,38621.238937222224,33035.70187911139,6830.7036576977625,0.8177103469883804,-1.189134811632777,-0.9723678394362004
zone_1,2017-09-12 19:10:00,zone_1_std_18,4206.344374431238,2060.229282282141,1387.1189559164213,1.5471745108776438,0.1237758909781057,0.19150290358249525
zone_1,2017-09-12 19:10:00,zone_1_daily_reference,46704.42478,33021.67540997337,7246.9640065168405,1.8880664175677428,7.829823622887402,14.783227037852303
zone_1,2017-09-12 19:10:00,zone_2_lag_1,28444.49064,20469.250390802717,5081.646965642953,1.5694203676717278,-2.258476388700872,-3.5444988443328382
zone_1,2017-09-12 19:10:00,zone_2_lag_3,26300.2079,20469.055068016005,5081.61028007227,1.1475009909459382,-0.21079738331466644,-0.2418902062423905
zone_1,2017-09-12 19:10:00,zone_2_lag_6,22958.41996,20468.894120937806,5081.571567273738,0.4899125804102023,0.4833240081957853,0.23678651202939893
zone_1,2017-09-12 19:10:00,zone_2_lag_18,23051.97505,20469.236633675755,5081.783739823586,0.5082346177159254,-0.16025002271250532,-0.0814446090322585
zone_1,2017-09-12 19:10:00,zone_2_lag_144,27995.4262,20462.158403069254,5082.325819216147,1.4822481015380107,-4.086786557165641,-6.057631615749834
zone_1,2017-09-12 19:10:00,zone_2_lag_1008,25555.50936,20438.5268718924,5095.209275158948,1.0042732715719456,0.32326244348453775,0.3246438316945579
zone_1,2017-09-12 19:10:00,zone_2_mean_6,26498.544698333328,20469.129747732604,5047.413563791752,1.1945553647225344,-0.0410362772365018,-0.04902010512110445
zone_1,2017-09-12 19:10:00,zone_2_std_6,2143.908489147074,495.7739806180365,412.3701749331008,3.9967354787392555,-0.24511142988150006,-0.9796455480519006
zone_1,2017-09-12 19:10:00,zone_2_mean_18,23848.64864944444,20469.037750501975,4864.323762920886,0.6947750733008581,-0.08860012335865286,-0.06155715720097311
zone_1,2017-09-12 19:10:00,zone_2_std_18,2269.554291444387,1268.547763471505,824.1423960755957,1.21460385091154,0.026706260727165892,0.03243752712266332
zone_1,2017-09-12 19:10:00,zone_2_daily_reference,27819.54262,20462.855445282257,5082.61929144317,1.4474204643072663,4.749668363834225,6.874767188486468
zone_1,2017-09-12 19:10:00,zone_3_lag_1,21527.92646,20089.098594245264,6501.20484967748,0.22131710952410824,-2.120509564795353,-0.4693050475987322
zone_1,2017-09-12 19:10:00,zone_3_lag_3,20998.40654,20089.28163696443,6501.168139623681,0.13984023847877175,-2.911507808918559,-0.40714594633197754
zone_1,2017-09-12 19:10:00,zone_3_lag_6,16503.37079,20089.79178847368,6501.057909336103,-0.5516672899226537,0.43385329788363824,-0.23934267306747248
zone_1,2017-09-12 19:10:00,zone_3_lag_18,14844.20838,20092.95814339941,6500.817124678077,-0.8073984643367937,-0.011792499653913758,0.009521246111262139
zone_1,2017-09-12 19:10:00,zone_3_lag_144,21951.54239,20100.65160357124,6497.647641670658,0.2848555182584295,-2.1543534955532073,-0.613679481487668
zone_1,2017-09-12 19:10:00,zone_3_lag_1008,22816.42492,20149.02587330566,6483.927491698771,0.4113863164122905,-0.8246162308366789,-0.3392358336576884
zone_1,2017-09-12 19:10:00,zone_3_mean_6,20627.742596666667,20089.280414965648,6462.494950312692,0.08332109902460588,-0.6767579966759285,-0.05638822005672894
zone_1,2017-09-12 19:10:00,zone_3_std_6,1501.226758386657,540.1386498406183,556.6401055370493,1.7265879676757674,0.5054555816321706,0.8727135254406624
zone_1,2017-09-12 19:10:00,zone_3_mean_18,17014.913177777777,20090.522331168515,6255.869637853861,-0.49163574873434496,-0.5226060684995313,0.25693182577987944
zone_1,2017-09-12 19:10:00,zone_3_std_18,2786.6636249389107,1455.9700918042272,1091.3358493287124,1.219325411103467,-0.26091793953154685,-0.3181438738835729
zone_1,2017-09-12 19:10:00,zone_3_daily_reference,21798.56997,20100.919738373093,6497.629738707152,0.2612722330904457,3.1055120925852404,0.8113840793191288
zone_1,2017-09-12 19:10:00,clock_sin,-0.9063077870366498,0.00045880557986716796,0.707192240569423,-1.2822066484869787,-0.5061527202626154,0.6489923830704953
zone_1,2017-09-12 19:10:00,clock_cos,0.4226182617406996,-0.0006866510747723284,0.7070208291741771,0.5987163253873378,-0.5519178698392208,-0.3304422389457452
zone_1,2017-09-12 19:10:00,weekday_sin,0.7818314824680298,-0.0005697202506773922,0.7062435979012671,1.1078347542459237,-0.058281665268571516,-0.06456645431985111
zone_1,2017-09-12 19:10:00,weekday_cos,0.6234898018587336,0.008509343869838398,0.7079175424505414,0.8687176416903961,0.17786916360196126,0.154518080333739
zone_1,2017-09-12 19:10:00,year_sin,-0.9474042892438845,0.3065932521461481,0.6212276514579577,-2.018579724271817,-0.06721340547639888,0.1356756174939191
zone_1,2017-09-12 19:10:00,year_cos,-0.32003923622313857,-0.2529203067923211,0.6753577579435635,-0.09938277696726526,-0.2513370043204713,0.024978569444001984
zone_1,2017-09-12 19:10:00,is_weekend,0.0,0.28646300448430495,0.4521083404960917,-0.6336158367925117,-0.11497199195239285,0.07284807488861732
zone_2,2017-09-12 19:10:00,temperature,23.25,19.46227312219731,6.0938222818558305,0.6215683199492921,-0.3045306059738128,-0.18928657712828267
zone_2,2017-09-12 19:10:00,humidity,51.38,67.49087163677129,16.200583616836887,-0.9944624229480001,-0.12272081507100488,0.12204123910166496
zone_2,2017-09-12 19:10:00,wind_speed,0.272,2.051150196188341,2.368020377118608,-0.7513238540426749,0.1350913491102806,-0.10149735306136048
zone_2,2017-09-12 19:10:00,general_diffuse,26.85,210.4824249159193,287.9167331915622,-0.6377969869286532,-0.6510368014161304,0.4152293103228759
zone_2,2017-09-12 19:10:00,diffuse,28.23,87.98840162556054,137.0986991598995,-0.4358786917143813,0.3724219809684165,-0.1623308058301916
zone_2,2017-09-12 19:10:00,zone_1,47322.47788,33036.49542166872,7244.743427517857,1.9719100615859688,2.450168084343057,4.831511098092893
zone_2,2017-09-12 19:10:00,zone_2,28466.94387,20469.40267514773,5081.688701680835,1.57379596908543,10.513755066898451,16.546505344236298
zone_2,2017-09-12 19:10:00,zone_3,21869.17263,20089.097051887642,6501.204907984427,0.2738070255140192,2.0625526752848677,0.5647414129857323
zone_2,2017-09-12 19:10:00,zone_1_lag_1,46819.11504,33036.19333915695,7244.670277368029,1.9024912346805039,-3.465206015236816,-6.592524070350199
zone_2,2017-09-12 19:10:00,zone_1_lag_3,43308.31858,33035.78405980521,7244.60354782719,1.4179567525507641,0.9363516769997489,1.327706183164026
zone_2,2017-09-12 19:10:00,zone_1_lag_6,37376.28319,33035.48574854036,7244.540398261188,0.5991818946170144,0.25067800968724807,0.1502017247832276
zone_2,2017-09-12 19:10:00,zone_1_lag_18,35802.47788,33036.04164914153,7244.908357512888,0.38184557959103854,0.3947310560142385,0.15072630886633961
zone_2,2017-09-12 19:10:00,zone_1_lag_144,46398.58407,33020.332999861545,7246.391133775139,1.84619499874675,-3.83946261150259,-7.088396671231218
zone_2,2017-09-12 19:10:00,zone_1_lag_1008,44608.14159,32937.26445936463,7276.28525301435,1.603960912032753,0.053327536503795785,0.08553528408708821
zone_2,2017-09-12 19:10:00,zone_1_mean_6,43661.94690166667,33035.93998471898,7180.5137023477155,1.4798393760426152,0.45407149839098215,0.6719528828576463
zone_2,2017-09-12 19:10:00,zone_1_std_6,3724.0561962067763,794.075613432863,692.3370593018001,4.232014657324144,0.8372873744803394,3.543412441193246
zone_2,2017-09-12 19:10:00,zone_1_mean_18,38621.238937222224,33035.70187911139,6830.7036576977625,0.8177103469883804,-1.776501815137515,-1.452663915681585
zone_2,2017-09-12 19:10:00,zone_1_std_18,4206.344374431238,2060.229282282141,1387.1189559164213,1.5471745108776438,-0.2834270948821634,-0.43851117689378266
zone_2,2017-09-12 19:10:00,zone_1_daily_reference,46704.42478,33021.67540997337,7246.9640065168405,1.8880664175677428,4.686798461506957,8.848986781079448
zone_2,2017-09-12 19:10:00,zone_2_lag_1,28444.49064,20469.250390802717,5081.646965642953,1.5694203676717278,1.8891465715925604,2.96486510697458
zone_2,2017-09-12 19:10:00,zone_2_lag_3,26300.2079,20469.055068016005,5081.61028007227,1.1475009909459382,-0.5049211742886097,-0.5793975478457664
zone_2,2017-09-12 19:10:00,zone_2_lag_6,22958.41996,20468.894120937806,5081.571567273738,0.4899125804102023,0.8785716039507883,0.430423281566661
zone_2,2017-09-12 19:10:00,zone_2_lag_18,23051.97505,20469.236633675755,5081.783739823586,0.5082346177159254,-0.4767835468911838,-0.24231790368748377
zone_2,2017-09-12 19:10:00,zone_2_lag_144,27995.4262,20462.158403069254,5082.325819216147,1.4822481015380107,-5.1087710452447,-7.572466183006315
zone_2,2017-09-12 19:10:00,zone_2_lag_1008,25555.50936,20438.5268718924,5095.209275158948,1.0042732715719456,-0.576873549393242,-0.5793386867324715
zone_2,2017-09-12 19:10:00,zone_2_mean_6,26498.544698333328,20469.129747732604,5047.413563791752,1.1945553647225344,2.1282034330463477,2.5422568281664297
zone_2,2017-09-12 19:10:00,zone_2_std_6,2143.908489147074,495.7739806180365,412.3701749331008,3.9967354787392555,-0.21126041895011471,-0.8443520116712424
zone_2,2017-09-12 19:10:00,zone_2_mean_18,23848.64864944444,20469.037750501975,4864.323762920886,0.6947750733008581,1.0053496792479075,0.6984918970924591
zone_2,2017-09-12 19:10:00,zone_2_std_18,2269.554291444387,1268.547763471505,824.1423960755957,1.21460385091154,-0.2544490116535585,-0.30905474941504746
zone_2,2017-09-12 19:10:00,zone_2_daily_reference,27819.54262,20462.855445282257,5082.61929144317,1.4474204643072663,5.147706107625558,7.450895164416735
zone_2,2017-09-12 19:10:00,zone_3_lag_1,21527.92646,20089.098594245264,6501.20484967748,0.22131710952410824,-0.4244514326871758,-0.09393836421569234
zone_2,2017-09-12 19:10:00,zone_3_lag_3,20998.40654,20089.28163696443,6501.168139623681,0.13984023847877175,-1.262105502648667,-0.17649313447575968
zone_2,2017-09-12 19:10:00,zone_3_lag_6,16503.37079,20089.79178847368,6501.057909336103,-0.5516672899226537,0.6882993567099052,-0.37971224077165927
zone_2,2017-09-12 19:10:00,zone_3_lag_18,14844.20838,20092.95814339941,6500.817124678077,-0.8073984643367937,-0.8010845417818755,0.6467944288386304
zone_2,2017-09-12 19:10:00,zone_3_lag_144,21951.54239,20100.65160357124,6497.647641670658,0.2848555182584295,-3.1431019177354376,-0.8953299257155917
zone_2,2017-09-12 19:10:00,zone_3_lag_1008,22816.42492,20149.02587330566,6483.927491698771,0.4113863164122905,-0.3397347422301481,-0.13976222416333967
zone_2,2017-09-12 19:10:00,zone_3_mean_6,20627.742596666667,20089.280414965648,6462.494950312692,0.08332109902460588,-0.5066406833582352,-0.04221385854798551
zone_2,2017-09-12 19:10:00,zone_3_std_6,1501.226758386657,540.1386498406183,556.6401055370493,1.7265879676757674,-0.16871143720339848,-0.2912951374846736
zone_2,2017-09-12 19:10:00,zone_3_mean_18,17014.913177777777,20090.522331168515,6255.869637853861,-0.49163574873434496,-0.07931449404396687,0.0389938406647914
zone_2,2017-09-12 19:10:00,zone_3_std_18,2786.6636249389107,1455.9700918042272,1091.3358493287124,1.219325411103467,0.01752958992489223,0.021374274441644414
zone_2,2017-09-12 19:10:00,zone_3_daily_reference,21798.56997,20100.919738373093,6497.629738707152,0.2612722330904457,4.260239583664964,1.113082309524456
zone_2,2017-09-12 19:10:00,clock_sin,-0.9063077870366498,0.00045880557986716796,0.707192240569423,-1.2822066484869787,0.38142439550311147,-0.4890648958092164
zone_2,2017-09-12 19:10:00,clock_cos,0.4226182617406996,-0.0006866510747723284,0.7070208291741771,0.5987163253873378,-0.7277596620191269,-0.43572159060922255
zone_2,2017-09-12 19:10:00,weekday_sin,0.7818314824680298,-0.0005697202506773922,0.7062435979012671,1.1078347542459237,0.2445971904141813,0.27097326833173796
zone_2,2017-09-12 19:10:00,weekday_cos,0.6234898018587336,0.008509343869838398,0.7079175424505414,0.8687176416903961,-0.058033365664332405,-0.05041460855927526
zone_2,2017-09-12 19:10:00,year_sin,-0.9474042892438845,0.3065932521461481,0.6212276514579577,-2.018579724271817,-0.40569923679848785,0.8189362535539783
zone_2,2017-09-12 19:10:00,year_cos,-0.32003923622313857,-0.2529203067923211,0.6753577579435635,-0.09938277696726526,-0.18402444841630725,0.018288860713481875
zone_2,2017-09-12 19:10:00,is_weekend,0.0,0.28646300448430495,0.4521083404960917,-0.6336158367925117,0.052952783780990456,-0.033551722405885206
zone_3,2017-09-12 19:10:00,temperature,23.25,19.46227312219731,6.0938222818558305,0.6215683199492921,-0.24050965245527536,-0.14949318060821365
zone_3,2017-09-12 19:10:00,humidity,51.38,67.49087163677129,16.200583616836887,-0.9944624229480001,0.1741309801601421,-0.17316671644036508
zone_3,2017-09-12 19:10:00,wind_speed,0.272,2.051150196188341,2.368020377118608,-0.7513238540426749,0.49189835641513696,-0.36957496893907804
zone_3,2017-09-12 19:10:00,general_diffuse,26.85,210.4824249159193,287.9167331915622,-0.6377969869286532,0.016867572268640618,-0.010758086769740292
zone_3,2017-09-12 19:10:00,diffuse,28.23,87.98840162556054,137.0986991598995,-0.4358786917143813,0.47008413802472154,-0.20489965907789828
zone_3,2017-09-12 19:10:00,zone_1,47322.47788,33036.49542166872,7244.743427517857,1.9719100615859688,0.49825539517338713,0.9825148269818951
zone_3,2017-09-12 19:10:00,zone_2,28466.94387,20469.40267514773,5081.688701680835,1.57379596908543,2.292555329470963,3.6080143364267214
zone_3,2017-09-12 19:10:00,zone_3,21869.17263,20089.097051887642,6501.204907984427,0.2738070255140192,11.648032112091302,3.1893130257034983
zone_3,2017-09-12 19:10:00,zone_1_lag_1,46819.11504,33036.19333915695,7244.670277368029,1.9024912346805039,-2.048293686794558,-3.8968607851780597
zone_3,2017-09-12 19:10:00,zone_1_lag_3,43308.31858,33035.78405980521,7244.60354782719,1.4179567525507641,0.29440109270229503,0.4174480173555427
zone_3,2017-09-12 19:10:00,zone_1_lag_6,37376.28319,33035.48574854036,7244.540398261188,0.5991818946170144,-0.5211936344328858,-0.3122897893418241
zone_3,2017-09-12 19:10:00,zone_1_lag_18,35802.47788,33036.04164914153,7244.908357512888,0.38184557959103854,0.9070230092854268,0.3463427266830017
zone_3,2017-09-12 19:10:00,zone_1_lag_144,46398.58407,33020.332999861545,7246.391133775139,1.84619499874675,-3.820297155546958,-7.053013502297229
zone_3,2017-09-12 19:10:00,zone_1_lag_1008,44608.14159,32937.26445936463,7276.28525301435,1.603960912032753,0.13228189036410773,0.21217498151383085
zone_3,2017-09-12 19:10:00,zone_1_mean_6,43661.94690166667,33035.93998471898,7180.5137023477155,1.4798393760426152,-0.20944233320043665,-0.3099410116802437
zone_3,2017-09-12 19:10:00,zone_1_std_6,3724.0561962067763,794.075613432863,692.3370593018001,4.232014657324144,-0.36071143112834186,-1.5265360635995113
zone_3,2017-09-12 19:10:00,zone_1_mean_18,38621.238937222224,33035.70187911139,6830.7036576977625,0.8177103469883804,-1.167633453298288,-0.9547859562517839
zone_3,2017-09-12 19:10:00,zone_1_std_18,4206.344374431238,2060.229282282141,1387.1189559164213,1.5471745108776438,-0.03448895587346668,-0.05336043343421146
zone_3,2017-09-12 19:10:00,zone_1_daily_reference,46704.42478,33021.67540997337,7246.9640065168405,1.8880664175677428,4.625717738168788,8.733662318583907
zone_3,2017-09-12 19:10:00,zone_2_lag_1,28444.49064,20469.250390802717,5081.646965642953,1.5694203676717278,0.08883516598781323,0.1394197188667728
zone_3,2017-09-12 19:10:00,zone_2_lag_3,26300.2079,20469.055068016005,5081.61028007227,1.1475009909459382,-1.2239184833206869,-1.4044476724475379
zone_3,2017-09-12 19:10:00,zone_2_lag_6,22958.41996,20468.894120937806,5081.571567273738,0.4899125804102023,0.5382696265795809,0.2637050617140385
zone_3,2017-09-12 19:10:00,zone_2_lag_18,23051.97505,20469.236633675755,5081.783739823586,0.5082346177159254,-0.7467624567938623,-0.37953053175323387
zone_3,2017-09-12 19:10:00,zone_2_lag_144,27995.4262,20462.158403069254,5082.325819216147,1.4822481015380107,-2.9434545510076666,-4.3629299201945315
zone_3,2017-09-12 19:10:00,zone_2_lag_1008,25555.50936,20438.5268718924,5095.209275158948,1.0042732715719456,0.43851097659104066,0.4403848530812932
zone_3,2017-09-12 19:10:00,zone_2_mean_6,26498.544698333328,20469.129747732604,5047.413563791752,1.1945553647225344,0.07433311040450727,0.0887950158102166
zone_3,2017-09-12 19:10:00,zone_2_std_6,2143.908489147074,495.7739806180365,412.3701749331008,3.9967354787392555,0.020906256808765407,0.08355677831522683
zone_3,2017-09-12 19:10:00,zone_2_mean_18,23848.64864944444,20469.037750501975,4864.323762920886,0.6947750733008581,-0.574456447989688,-0.39911802076018604
zone_3,2017-09-12 19:10:00,zone_2_std_18,2269.554291444387,1268.547763471505,824.1423960755957,1.21460385091154,0.07119444047867243,0.08647304156888797
zone_3,2017-09-12 19:10:00,zone_2_daily_reference,27819.54262,20462.855445282257,5082.61929144317,1.4474204643072663,2.1836387514302262,3.1606434154744774
zone_3,2017-09-12 19:10:00,zone_3_lag_1,21527.92646,20089.098594245264,6501.20484967748,0.22131710952410824,3.9624821605707106,0.876965098318353
zone_3,2017-09-12 19:10:00,zone_3_lag_3,20998.40654,20089.28163696443,6501.168139623681,0.13984023847877175,-0.6976052967217579,-0.09755329105762495
zone_3,2017-09-12 19:10:00,zone_3_lag_6,16503.37079,20089.79178847368,6501.057909336103,-0.5516672899226537,-0.4100525787308369,0.22621259483423636
zone_3,2017-09-12 19:10:00,zone_3_lag_18,14844.20838,20092.95814339941,6500.817124678077,-0.8073984643367937,0.039370928587645744,-0.03178802728117874
zone_3,2017-09-12 19:10:00,zone_3_lag_144,21951.54239,20100.65160357124,6497.647641670658,0.2848555182584295,-3.0611943201933345,-0.871998094568433
zone_3,2017-09-12 19:10:00,zone_3_lag_1008,22816.42492,20149.02587330566,6483.927491698771,0.4113863164122905,-0.30073382145822386,-0.12371777903029016
zone_3,2017-09-12 19:10:00,zone_3_mean_6,20627.742596666667,20089.280414965648,6462.494950312692,0.08332109902460588,2.4869291925733203,0.2072136735215848
zone_3,2017-09-12 19:10:00,zone_3_std_6,1501.226758386657,540.1386498406183,556.6401055370493,1.7265879676757674,0.20209621175361198,0.3489368875266404
zone_3,2017-09-12 19:10:00,zone_3_mean_18,17014.913177777777,20090.522331168515,6255.869637853861,-0.49163574873434496,-1.1130180581451024,0.5471994663710141
zone_3,2017-09-12 19:10:00,zone_3_std_18,2786.6636249389107,1455.9700918042272,1091.3358493287124,1.219325411103467,-0.3727966411606694,-0.4545604177412249
zone_3,2017-09-12 19:10:00,zone_3_daily_reference,21798.56997,20100.919738373093,6497.629738707152,0.2612722330904457,6.738407644187806,1.7605588126706777
zone_3,2017-09-12 19:10:00,clock_sin,-0.9063077870366498,0.00045880557986716796,0.707192240569423,-1.2822066484869787,-0.8403506562503996,1.0775031985046581
zone_3,2017-09-12 19:10:00,clock_cos,0.4226182617406996,-0.0006866510747723284,0.7070208291741771,0.5987163253873378,0.6777122214495257,0.4057573708963497
zone_3,2017-09-12 19:10:00,weekday_sin,0.7818314824680298,-0.0005697202506773922,0.7062435979012671,1.1078347542459237,0.024719459877233348,0.02738507675818678
zone_3,2017-09-12 19:10:00,weekday_cos,0.6234898018587336,0.008509343869838398,0.7079175424505414,0.8687176416903961,-0.04305932806518623,-0.03740639792956167
zone_3,2017-09-12 19:10:00,year_sin,-0.9474042892438845,0.3065932521461481,0.6212276514579577,-2.018579724271817,-0.18243099223277834,0.3682515019998757
zone_3,2017-09-12 19:10:00,year_cos,-0.32003923622313857,-0.2529203067923211,0.6753577579435635,-0.09938277696726526,-0.5606183877784205,0.055715812196330594
zone_3,2017-09-12 19:10:00,is_weekend,0.0,0.28646300448430495,0.4521083404960917,-0.6336158367925117,-0.03045653053020911,0.019297740077695122
