zone,example_selection,origin,target_time,source_row_number,temperature,humidity,current_demand,actual_future_demand,high_demand_threshold,actual_label,logistic_score,logistic_score_cutoff,logistic_default_alert,logistic_calibrated_alert,linear_forecast,linear_above_high_threshold,linear_calibrated_alert,zone_sensitivity_validated
zone_1,first chronological sample; first true alert,2017-09-12 19:10:00,2017-09-12 19:40:00,36693,23.25,51.38,47322.47788,47679.29204,43101.95745,1,0.9999954084896143,0.01783825439535677,1,1,47304.42197561359,1,1,True
zone_1,second chronological sample,2017-09-12 19:20:00,2017-09-12 19:50:00,36694,22.97,52.65,47736.63717,47475.39823,43101.95745,1,0.9999975445529342,0.01783825439535677,1,1,47566.08301598107,1,1,True
zone_1,first false alarm,2017-09-12 21:40:00,2017-09-12 22:10:00,36708,21.59,58.59,44340.53097,42620.17699,43101.95745,0,0.7003111154437589,0.01783825439535677,1,1,42184.971776254344,0,1,True
zone_1,first true normal,2017-09-12 22:20:00,2017-09-12 22:50:00,36712,21.53,60.12,41932.0354,39134.86726,43101.95745,0,0.0020369678721118673,0.01783825439535677,0,0,39370.83622373782,0,0,True
zone_1,first default-0.5 miss,2017-10-19 17:20:00,2017-10-19 17:50:00,42010,21.32,79.0,36141.79431,43111.77243,43101.95745,1,0.22670479943864077,0.01783825439535677,0,1,41003.92957741269,0,1,True
zone_2,first chronological sample; first true alert,2017-09-12 19:10:00,2017-09-12 19:40:00,36693,23.25,51.38,28466.94387,28444.49064,27262.02532,1,0.9976458117882635,0.18406749670243733,1,1,28391.774525755645,1,1,True
zone_2,second chronological sample,2017-09-12 19:20:00,2017-09-12 19:50:00,36694,22.97,52.65,28740.12474,28553.01455,27262.02532,1,0.9978915098862091,0.18406749670243733,1,1,28557.91599427311,1,1,True
zone_2,first false alarm,2017-09-12 21:00:00,2017-09-12 21:30:00,36704,21.85,57.62,27815.80042,27123.49272,27262.02532,0,0.7536274658835378,0.18406749670243733,1,1,27127.954630622495,0,1,True
zone_2,first true normal,2017-09-12 21:30:00,2017-09-12 22:00:00,36707,21.61,58.12,27123.49272,26034.51143,27262.02532,0,0.1784111482649454,0.18406749670243733,0,0,26105.75447570515,0,1,True
zone_2,first default-0.5 miss,2017-09-29 18:00:00,2017-09-29 18:30:00,39134,23.88,61.19,23081.91268,27621.20582,27262.02532,1,0.47342892363542544,0.18406749670243733,0,1,26686.68961884461,0,1,True
zone_3,first chronological sample; first false alarm,2017-09-12 19:10:00,2017-09-12 19:40:00,36693,23.25,51.38,21869.17263,21763.26864,28402.3431,0,1.3367421989989955e-08,1.0074400867345011e-10,0,1,21833.313248175557,0,1,False
zone_3,second chronological sample,2017-09-12 19:20:00,2017-09-12 19:50:00,36694,22.97,52.65,21875.05618,21669.13177,28402.3431,0,9.47327131864157e-09,1.0074400867345011e-10,0,1,21724.52552153968,0,1,False
zone_3,first true normal,2017-09-12 21:30:00,2017-09-12 22:00:00,36707,21.61,58.12,21392.6047,20892.50255,28402.3431,0,9.27879070102955e-11,1.0074400867345011e-10,0,0,20695.43269025197,0,1,False
