zone,strategy,target_fpr,cutoff,precision,recall,f1,false_positive_rate,miss_rate,tp,fp,fn,tn,positive_events,negative_events
zone_1,Logistic,0.0,0.9954834564034087,1.0,0.8329145728643216,0.9088416723783413,0.0,0.1670854271356784,663,0,133,7063,796,7063
zone_1,Linear score,0.0,43880.53572978272,1.0,0.8517587939698492,0.9199457259158752,0.0,0.14824120603015076,678,0,118,7063,796,7063
zone_1,Logistic,0.01,0.791502903837863,0.9183197199533255,0.9886934673366834,0.9522081064730793,0.009910802775024777,0.011306532663316583,787,70,9,6993,796,7063
zone_1,Linear score,0.01,42374.57056661506,0.9180327868852459,0.9849246231155779,0.9503030303030303,0.009910802775024777,0.01507537688442211,784,70,12,6993,796,7063
zone_1,Logistic,0.02,0.48234746737234263,0.8493589743589743,0.9987437185929648,0.918013856812933,0.019963188446835624,0.001256281407035176,795,141,1,6922,796,7063
zone_1,Linear score,0.02,41771.951402585015,0.8491978609625669,0.9974874371859297,0.9173887926054304,0.019963188446835624,0.002512562814070352,794,141,2,6922,796,7063
zone_1,Logistic,0.05,0.01783825439535677,0.6927763272410792,1.0,0.8185089974293059,0.04997876256548209,0.0,796,353,0,6710,796,7063
zone_1,Linear score,0.05,40090.28496879397,0.6927763272410792,1.0,0.8185089974293059,0.04997876256548209,0.0,796,353,0,6710,796,7063
zone_1,Logistic,0.1,0.00011040734051851367,0.5299600532623169,1.0,0.6927763272410792,0.09995752513096418,0.0,796,706,0,6357,796,7063
zone_1,Linear score,0.1,38018.181027210456,0.5299600532623169,1.0,0.6927763272410792,0.09995752513096418,0.0,796,706,0,6357,796,7063
zone_2,Logistic,0.0,0.9909738599969797,1.0,0.7051428571428572,0.8270777479892761,0.0,0.2948571428571429,617,0,258,6984,875,6984
zone_2,Linear score,0.0,28021.11716033959,1.0,0.7794285714285715,0.876043673731535,0.0,0.22057142857142858,682,0,193,6984,875,6984
zone_2,Logistic,0.01,0.7672044084105003,0.9248366013071896,0.9702857142857143,0.947016174010039,0.009879725085910653,0.029714285714285714,849,69,26,6915,875,6984
zone_2,Linear score,0.01,26994.315571020277,0.9246724890829694,0.968,0.9458403126744835,0.009879725085910653,0.032,847,69,28,6915,875,6984
zone_2,Logistic,0.02,0.5936239386853879,0.8616915422885573,0.9897142857142858,0.9212765957446809,0.01990263459335624,0.010285714285714285,866,139,9,6845,875,6984
zone_2,Linear score,0.02,26639.055076379,0.8616915422885573,0.9897142857142858,0.9212765957446809,0.01990263459335624,0.010285714285714285,866,139,9,6845,875,6984
zone_2,Logistic,0.05,0.18406749670243733,0.7148692810457516,1.0,0.8337303477846594,0.049971363115693015,0.0,875,349,0,6635,875,6984
zone_2,Linear score,0.05,26081.773747305324,0.7146361406377759,0.9988571428571429,0.8331744518589133,0.049971363115693015,0.001142857142857143,874,349,1,6635,875,6984
zone_2,Logistic,0.1,0.021782671925415865,0.5562619198982836,1.0,0.7148692810457516,0.09994272623138603,0.0,875,698,0,6286,875,6984
zone_2,Linear score,0.1,25247.153292320865,0.5562619198982836,1.0,0.7148692810457516,0.09994272623138603,0.0,875,698,0,6286,875,6984
zone_3,Logistic,0.0,1.5620515444510917e-06,0.0,,,0.0,,0,0,0,7859,0,7859
zone_3,Linear score,0.0,22935.631174394646,0.0,,,0.0,,0,0,0,7859,0,7859
zone_3,Logistic,0.01,7.54813051510109e-09,0.0,,,0.009924926835475252,,0,78,0,7781,0,7859
zone_3,Linear score,0.01,21291.533032709394,0.0,,,0.009924926835475252,,0,78,0,7781,0,7859
zone_3,Logistic,0.02,1.5598671696152205e-09,0.0,,,0.019977096322687366,,0,157,0,7702,0,7859
zone_3,Linear score,0.02,20808.337553625977,0.0,,,0.019977096322687366,,0,157,0,7702,0,7859
zone_3,Logistic,0.05,1.0074400867345011e-10,0.0,,,0.049879119480849984,,0,392,0,7467,0,7859
zone_3,Linear score,0.05,20011.8412992889,0.0,,,0.049879119480849984,,0,392,0,7467,0,7859
zone_3,Logistic,0.1,3.0100873479684867e-12,0.0,,,0.09988548161343683,,0,785,0,7074,0,7859
zone_3,Linear score,0.1,19023.88444587672,0.0,,,0.09988548161343683,,0,785,0,7074,0,7859
