zone,model,scenario,strategy,miss_penalty,false_alarm_penalty,chosen_threshold,calibration_penalty,assessment_penalty,precision,recall,f1,false_positive_rate,miss_rate,tp,fp,fn,tn,positive_events,negative_events
zone_1,Linear score,Equal penalties,Cost-selected threshold,1,1,43042.56727238604,32.0,26,0.9714285714285714,0.9379310344827586,0.9543859649122807,0.002197802197802198,0.06206896551724138,272,8,18,3632,290,3640
zone_1,Linear score,Equal penalties,Fixed demand threshold / logistic 0.5,1,1,43042.56727238604,32.0,25,0.974910394265233,0.9379310344827586,0.9560632688927944,0.0019230769230769232,0.06206896551724138,272,7,18,3633,290,3640
zone_1,Linear score,Equal penalties,Always normal,1,1,43042.56727238604,32.0,290,0.0,0.0,0.0,0.0,1.0,0,0,290,3640,290,3640
zone_1,Linear score,Equal penalties,Always alert,1,1,43042.56727238604,32.0,3640,0.0737913486005089,1.0,0.13744075829383887,1.0,0.0,290,3640,0,0,290,3640
zone_1,Linear score,Miss costs 20 points,Cost-selected threshold,20,1,41850.89199874181,86.0,85,0.8163841807909604,0.996551724137931,0.8975155279503105,0.017857142857142856,0.0034482758620689655,289,65,1,3575,290,3640
zone_1,Linear score,Miss costs 20 points,Fixed demand threshold / logistic 0.5,20,1,41850.89199874181,86.0,367,0.974910394265233,0.9379310344827586,0.9560632688927944,0.0019230769230769232,0.06206896551724138,272,7,18,3633,290,3640
zone_1,Linear score,Miss costs 20 points,Always normal,20,1,41850.89199874181,86.0,5800,0.0,0.0,0.0,0.0,1.0,0,0,290,3640,290,3640
zone_1,Linear score,Miss costs 20 points,Always alert,20,1,41850.89199874181,86.0,3640,0.0737913486005089,1.0,0.13744075829383887,1.0,0.0,290,3640,0,0,290,3640
zone_1,Linear score,Miss costs 200 points,Cost-selected threshold,200,1,41461.60994785713,88.0,291,0.7605263157894737,0.996551724137931,0.8626865671641791,0.025,0.0034482758620689655,289,91,1,3549,290,3640
zone_1,Linear score,Miss costs 200 points,Fixed demand threshold / logistic 0.5,200,1,41461.60994785713,88.0,3607,0.974910394265233,0.9379310344827586,0.9560632688927944,0.0019230769230769232,0.06206896551724138,272,7,18,3633,290,3640
zone_1,Linear score,Miss costs 200 points,Always normal,200,1,41461.60994785713,88.0,58000,0.0,0.0,0.0,0.0,1.0,0,0,290,3640,290,3640
zone_1,Linear score,Miss costs 200 points,Always alert,200,1,41461.60994785713,88.0,3640,0.0737913486005089,1.0,0.13744075829383887,1.0,0.0,290,3640,0,0,290,3640
zone_1,Logistic,Equal penalties,Cost-selected threshold,1,1,0.9496221652616975,30.0,22,0.975177304964539,0.9482758620689655,0.9615384615384616,0.0019230769230769232,0.05172413793103448,275,7,15,3633,290,3640
zone_1,Logistic,Equal penalties,Fixed demand threshold / logistic 0.5,1,1,0.9496221652616975,30.0,63,0.8233618233618234,0.996551724137931,0.9017160686427457,0.01703296703296703,0.0034482758620689655,289,62,1,3578,290,3640
zone_1,Logistic,Equal penalties,Always normal,1,1,0.9496221652616975,30.0,290,0.0,0.0,0.0,0.0,1.0,0,0,290,3640,290,3640
zone_1,Logistic,Equal penalties,Always alert,1,1,0.9496221652616975,30.0,3640,0.0737913486005089,1.0,0.13744075829383887,1.0,0.0,290,3640,0,0,290,3640
zone_1,Logistic,Miss costs 20 points,Cost-selected threshold,20,1,0.6233820557168638,67.0,64,0.8678678678678678,0.996551724137931,0.92776886035313,0.012087912087912088,0.0034482758620689655,289,44,1,3596,290,3640
zone_1,Logistic,Miss costs 20 points,Fixed demand threshold / logistic 0.5,20,1,0.6233820557168638,67.0,82,0.8233618233618234,0.996551724137931,0.9017160686427457,0.01703296703296703,0.0034482758620689655,289,62,1,3578,290,3640
zone_1,Logistic,Miss costs 20 points,Always normal,20,1,0.6233820557168638,67.0,5800,0.0,0.0,0.0,0.0,1.0,0,0,290,3640,290,3640
zone_1,Logistic,Miss costs 20 points,Always alert,20,1,0.6233820557168638,67.0,3640,0.0737913486005089,1.0,0.13744075829383887,1.0,0.0,290,3640,0,0,290,3640
zone_1,Logistic,Miss costs 200 points,Cost-selected threshold,200,1,0.6233820557168638,67.0,244,0.8678678678678678,0.996551724137931,0.92776886035313,0.012087912087912088,0.0034482758620689655,289,44,1,3596,290,3640
zone_1,Logistic,Miss costs 200 points,Fixed demand threshold / logistic 0.5,200,1,0.6233820557168638,67.0,262,0.8233618233618234,0.996551724137931,0.9017160686427457,0.01703296703296703,0.0034482758620689655,289,62,1,3578,290,3640
zone_1,Logistic,Miss costs 200 points,Always normal,200,1,0.6233820557168638,67.0,58000,0.0,0.0,0.0,0.0,1.0,0,0,290,3640,290,3640
zone_1,Logistic,Miss costs 200 points,Always alert,200,1,0.6233820557168638,67.0,3640,0.0737913486005089,1.0,0.13744075829383887,1.0,0.0,290,3640,0,0,290,3640
zone_2,Linear score,Equal penalties,Cost-selected threshold,1,1,27290.50191366631,34.0,40,0.9827882960413081,0.9500831946755408,0.9661590524534687,0.0030039050765995794,0.04991680532445923,571,10,30,3319,601,3329
zone_2,Linear score,Equal penalties,Fixed demand threshold / logistic 0.5,1,1,27290.50191366631,34.0,41,0.9810996563573883,0.9500831946755408,0.9653423499577346,0.0033042955842595375,0.04991680532445923,571,11,30,3318,601,3329
zone_2,Linear score,Equal penalties,Always normal,1,1,27290.50191366631,34.0,601,0.0,0.0,0.0,0.0,1.0,0,0,601,3329,601,3329
zone_2,Linear score,Equal penalties,Always alert,1,1,27290.50191366631,34.0,3329,0.1529262086513995,1.0,0.2652836018538954,1.0,0.0,601,3329,0,0,601,3329
zone_2,Linear score,Miss costs 20 points,Cost-selected threshold,20,1,26685.230067620832,90.0,240,0.9079754601226994,0.9850249584026622,0.9449321628092577,0.018023430459597478,0.014975041597337771,592,60,9,3269,601,3329
zone_2,Linear score,Miss costs 20 points,Fixed demand threshold / logistic 0.5,20,1,26685.230067620832,90.0,611,0.9810996563573883,0.9500831946755408,0.9653423499577346,0.0033042955842595375,0.04991680532445923,571,11,30,3318,601,3329
zone_2,Linear score,Miss costs 20 points,Always normal,20,1,26685.230067620832,90.0,12020,0.0,0.0,0.0,0.0,1.0,0,0,601,3329,601,3329
zone_2,Linear score,Miss costs 20 points,Always alert,20,1,26685.230067620832,90.0,3329,0.1529262086513995,1.0,0.2652836018538954,1.0,0.0,601,3329,0,0,601,3329
zone_2,Linear score,Miss costs 200 points,Cost-selected threshold,200,1,26323.61667949598,102.0,344,0.8064516129032258,0.9983361064891847,0.8921933085501859,0.04325623310303395,0.0016638935108153079,600,144,1,3185,601,3329
zone_2,Linear score,Miss costs 200 points,Fixed demand threshold / logistic 0.5,200,1,26323.61667949598,102.0,6011,0.9810996563573883,0.9500831946755408,0.9653423499577346,0.0033042955842595375,0.04991680532445923,571,11,30,3318,601,3329
zone_2,Linear score,Miss costs 200 points,Always normal,200,1,26323.61667949598,102.0,120200,0.0,0.0,0.0,0.0,1.0,0,0,601,3329,601,3329
zone_2,Linear score,Miss costs 200 points,Always alert,200,1,26323.61667949598,102.0,3329,0.1529262086513995,1.0,0.2652836018538954,1.0,0.0,601,3329,0,0,601,3329
zone_2,Logistic,Equal penalties,Cost-selected threshold,1,1,0.8737953875572166,34.0,41,0.9827586206896551,0.9484193011647255,0.9652836579170194,0.0030039050765995794,0.051580698835274545,570,10,31,3319,601,3329
zone_2,Logistic,Equal penalties,Fixed demand threshold / logistic 0.5,1,1,0.8737953875572166,34.0,109,0.8494318181818182,0.9950083194675541,0.9164750957854406,0.03184139381195554,0.004991680532445923,598,106,3,3223,601,3329
zone_2,Logistic,Equal penalties,Always normal,1,1,0.8737953875572166,34.0,601,0.0,0.0,0.0,0.0,1.0,0,0,601,3329,601,3329
zone_2,Logistic,Equal penalties,Always alert,1,1,0.8737953875572166,34.0,3329,0.1529262086513995,1.0,0.2652836018538954,1.0,0.0,601,3329,0,0,601,3329
zone_2,Logistic,Miss costs 20 points,Cost-selected threshold,20,1,0.4566346157523482,75.0,157,0.8365921787709497,0.9966722129783694,0.9096431283219438,0.03514568939621508,0.0033277870216306157,599,117,2,3212,601,3329
zone_2,Logistic,Miss costs 20 points,Fixed demand threshold / logistic 0.5,20,1,0.4566346157523482,75.0,166,0.8494318181818182,0.9950083194675541,0.9164750957854406,0.03184139381195554,0.004991680532445923,598,106,3,3223,601,3329
zone_2,Logistic,Miss costs 20 points,Always normal,20,1,0.4566346157523482,75.0,12020,0.0,0.0,0.0,0.0,1.0,0,0,601,3329,601,3329
zone_2,Logistic,Miss costs 20 points,Always alert,20,1,0.4566346157523482,75.0,3329,0.1529262086513995,1.0,0.2652836018538954,1.0,0.0,601,3329,0,0,601,3329
zone_2,Logistic,Miss costs 200 points,Cost-selected threshold,200,1,0.4566346157523482,75.0,517,0.8365921787709497,0.9966722129783694,0.9096431283219438,0.03514568939621508,0.0033277870216306157,599,117,2,3212,601,3329
zone_2,Logistic,Miss costs 200 points,Fixed demand threshold / logistic 0.5,200,1,0.4566346157523482,75.0,706,0.8494318181818182,0.9950083194675541,0.9164750957854406,0.03184139381195554,0.004991680532445923,598,106,3,3223,601,3329
zone_2,Logistic,Miss costs 200 points,Always normal,200,1,0.4566346157523482,75.0,120200,0.0,0.0,0.0,0.0,1.0,0,0,601,3329,601,3329
zone_2,Logistic,Miss costs 200 points,Always alert,200,1,0.4566346157523482,75.0,3329,0.1529262086513995,1.0,0.2652836018538954,1.0,0.0,601,3329,0,0,601,3329
