max_depth,min_samples_leaf,cv_mae,cv_std_mae,mean_fit_seconds,mean_score_seconds,fold_1_mae,fold_2_mae,fold_3_mae
16,20,1278.7037552337133,264.6984951194024,0.6726276874542236,0.006961345672607422,915.0748274363859,1383.5218417537044,1537.5145965110498
12,10,1292.2520845186907,282.5916617309316,0.6720619201660156,0.007138888041178386,898.2036954232743,1431.557380876512,1546.9951772562854
16,10,1293.3261400645304,285.5513396970825,0.7235933939615885,0.007936716079711914,896.9257372822193,1424.7476628994718,1558.3050200118996
12,20,1296.8546668131862,278.56337935626044,0.637283722559611,0.003435850143432617,919.5326804335579,1387.4471970627237,1583.5841229432772
16,50,1321.8374093841387,264.0372218087326,0.5905008316040039,0.007785717646280925,978.0596242787384,1367.4880050466736,1619.9645988270047
12,50,1334.0221413582485,278.68468560361015,0.7020002206166586,0.007702827453613281,977.9273371783424,1365.7989079398048,1658.3401789565985
8,20,1344.920799620643,274.42288713489916,0.5350696245829264,0.006810108820597331,974.1910815293377,1430.8799819263004,1629.6913354062906
8,10,1362.9149022115178,298.5710079280477,0.5168162186940511,0.006462574005126953,957.3944091914004,1463.7839446444032,1667.56635279875
8,50,1367.5434347618223,291.29253487786787,0.5088832378387451,0.005504210789998372,996.1142714870566,1398.9618926140745,1707.554140184336
4,50,1791.9240386951085,423.6531748629932,0.2942539056142171,0.006425539652506511,1266.1931532643,1805.9355163319062,2303.6434464891195
4,10,1798.8753196961213,422.19882958318925,0.30452768007914227,0.011833826700846354,1266.1931532643,1831.6247512498874,2298.808054574176
4,20,1798.8753196961213,422.19882958318925,0.3123172124226888,0.005598306655883789,1266.1931532643,1831.6247512498874,2298.808054574176
