model,max_depth,min_samples_leaf,zone,origin,target_time,current,actual,prediction,absolute_error,one_origin_mean_absolute_error
Linear,,,zone_1,2017-09-12 19:10:00,2017-09-12 19:40:00,47322.47788,47679.29204,47304.42197561359,374.87006438640674,165.87692893543985
Linear,,,zone_2,2017-09-12 19:10:00,2017-09-12 19:40:00,28466.94387,28444.49064,28391.774525755645,52.716114244354685,165.87692893543985
Linear,,,zone_3,2017-09-12 19:10:00,2017-09-12 19:40:00,21869.17263,21763.26864,21833.313248175557,70.0446081755581,165.87692893543985
Linear,,,zone_1,2017-09-12 19:20:00,2017-09-12 19:50:00,47736.63717,47475.39823,47566.08301598107,90.68478598107322,50.32666059795398
Linear,,,zone_2,2017-09-12 19:20:00,2017-09-12 19:50:00,28740.12474,28553.01455,28557.91599427311,4.901444273109519,50.32666059795398
Linear,,,zone_3,2017-09-12 19:20:00,2017-09-12 19:50:00,21875.05618,21669.13177,21724.52552153968,55.393751539679215,50.32666059795398
Tree initial,12.0,20.0,zone_1,2017-09-12 19:10:00,2017-09-12 19:40:00,47322.47788,47679.29204,45065.9469025,2613.3451375000004,1522.3444109999994
Tree initial,12.0,20.0,zone_2,2017-09-12 19:10:00,2017-09-12 19:40:00,28466.94387,28444.49064,26791.7463625,1652.7442775000018,1522.3444109999994
Tree initial,12.0,20.0,zone_3,2017-09-12 19:10:00,2017-09-12 19:40:00,21869.17263,21763.26864,21462.324822000002,300.9438179999961,1522.3444109999994
Tree initial,12.0,20.0,zone_1,2017-09-12 19:20:00,2017-09-12 19:50:00,47736.63717,47475.39823,45065.9469025,2409.451327499999,1459.1754876666662
Tree initial,12.0,20.0,zone_2,2017-09-12 19:20:00,2017-09-12 19:50:00,28740.12474,28553.01455,26791.7463625,1761.2681875000017,1459.1754876666662
Tree initial,12.0,20.0,zone_3,2017-09-12 19:20:00,2017-09-12 19:50:00,21875.05618,21669.13177,21462.324822000002,206.80694799999765,1459.1754876666662
Tree selected,16.0,20.0,zone_1,2017-09-12 19:10:00,2017-09-12 19:40:00,47322.47788,47679.29204,45065.94690250001,2613.345137499993,1522.344410999997
Tree selected,16.0,20.0,zone_2,2017-09-12 19:10:00,2017-09-12 19:40:00,28466.94387,28444.49064,26791.7463625,1652.7442775000018,1522.344410999997
Tree selected,16.0,20.0,zone_3,2017-09-12 19:10:00,2017-09-12 19:40:00,21869.17263,21763.26864,21462.324822000002,300.9438179999961,1522.344410999997
Tree selected,16.0,20.0,zone_1,2017-09-12 19:20:00,2017-09-12 19:50:00,47736.63717,47475.39823,45065.94690250001,2409.4513274999917,1459.1754876666637
Tree selected,16.0,20.0,zone_2,2017-09-12 19:20:00,2017-09-12 19:50:00,28740.12474,28553.01455,26791.7463625,1761.2681875000017,1459.1754876666637
Tree selected,16.0,20.0,zone_3,2017-09-12 19:20:00,2017-09-12 19:50:00,21875.05618,21669.13177,21462.324822000002,206.80694799999765,1459.1754876666637
