zone_1,zone_2,zone_3,source_row_number,origin,target_time
43518.58407,25997.0894,21822.10419,35843,2017-09-06 21:30:00,2017-09-06 22:00:00
43142.65487,25592.93139,21727.96731,35844,2017-09-06 21:40:00,2017-09-06 22:10:00
42505.48673,25383.36798,22016.26149,35988,2017-09-07 21:40:00,2017-09-07 22:10:00
40874.33628,23856.54886,21304.35138,36276,2017-09-09 21:40:00,2017-09-09 22:10:00
46398.58407,27995.4262,21951.54239,36546,2017-09-11 18:40:00,2017-09-11 19:10:00
46532.38938,28051.55925,21945.65884,36547,2017-09-11 18:50:00,2017-09-11 19:20:00
46742.65487,27939.29314,21798.56997,36548,2017-09-11 19:00:00,2017-09-11 19:30:00
46704.42478,27819.54262,21798.56997,36549,2017-09-11 19:10:00,2017-09-11 19:40:00
46596.10619,27755.92516,21763.26864,36550,2017-09-11 19:20:00,2017-09-11 19:50:00
46353.9823,27628.69023,21675.01532,36551,2017-09-11 19:30:00,2017-09-11 20:00:00
46487.78761,27696.0499,21669.13177,36552,2017-09-11 19:40:00,2017-09-11 20:10:00
46373.09735,27591.26819,21645.59755,36553,2017-09-11 19:50:00,2017-09-11 20:20:00
45952.56637,27647.40125,21504.39224,36554,2017-09-11 20:00:00,2017-09-11 20:30:00
45933.45133,27333.05613,21427.90603,36555,2017-09-11 20:10:00,2017-09-11 20:40:00
45825.13274,27149.68815,21169.02962,36556,2017-09-11 20:20:00,2017-09-11 20:50:00
45232.56637,26651.97505,20910.15322,36557,2017-09-11 20:30:00,2017-09-11 21:00:00
44729.20354,26169.23077,20868.96834,36558,2017-09-11 20:40:00,2017-09-11 21:10:00
44295.9292,26229.10603,20821.8999,36559,2017-09-11 20:50:00,2017-09-11 21:20:00
43818.0531,25839.91684,20798.36568,36560,2017-09-11 21:00:00,2017-09-11 21:30:00
43301.9469,25506.86071,20627.74259,36561,2017-09-11 21:10:00,2017-09-11 21:40:00
