,min,max
temperature,3.247,40.01
humidity,11.34,93.6
wind_speed,0.05,4.978
general_diffuse,0.004,1163.0
diffuse,0.019,936.0
zone_1,13895.6962,52204.39512
zone_2,8560.081466,37408.86076
zone_3,8189.908069,47598.32636
zone_1_lag_1,13895.6962,52204.39512
zone_1_lag_3,13895.6962,52204.39512
zone_1_lag_6,13895.6962,52204.39512
zone_1_lag_18,13895.6962,52204.39512
zone_1_lag_144,13895.6962,52204.39512
zone_1_lag_1008,13895.6962,52204.39512
zone_1_mean_6,14120.506328333335,51934.827970000006
zone_1_std_6,15.315131696702114,9898.964776330546
zone_1_mean_18,15590.88607611111,50524.83906722222
zone_1_std_18,86.54014529949299,7034.365916145464
zone_1_daily_reference,13895.6962,52204.39512
zone_2_lag_1,8560.081466,37408.86076
zone_2_lag_3,8560.081466,37408.86076
zone_2_lag_6,8560.081466,37408.86076
zone_2_lag_18,8560.081466,37408.86076
zone_2_lag_144,8560.081466,37408.86076
zone_2_lag_1008,8560.081466,37408.86076
zone_2_mean_6,8685.947046833333,36382.68215333333
zone_2_std_6,11.335561263168133,4096.368522146116
zone_2_mean_18,9528.105906055554,35258.07814222222
zone_2_std_18,75.98163190787217,4751.025756590186
zone_2_daily_reference,8560.081466,37408.86076
zone_3_lag_1,8189.908069,47598.32636
zone_3_lag_3,8189.908069,47598.32636
zone_3_lag_6,8189.908069,47598.32636
zone_3_lag_18,8189.908069,47598.32636
zone_3_lag_144,8189.908069,47598.32636
zone_3_lag_1008,9348.387097,47598.32636
zone_3_mean_6,8349.744637333333,47282.008369999996
zone_3_std_6,12.755243698031839,6227.538033137944
zone_3_mean_18,9004.780388055555,45857.07112944444
zone_3_std_18,68.94194861183023,7643.391429904442
zone_3_daily_reference,8189.908069,47598.32636
clock_sin,-1.0,1.0
clock_cos,-1.0,1.0
weekday_sin,-0.9749279121818236,0.9749279121818236
weekday_cos,-0.9009688679024191,1.0
year_sin,-0.9474042892438845,0.9999855506507186
year_cos,-0.9999791929590823,0.9905453876091833
is_weekend,0.0,1.0
